{
	"info": {
		"_postman_id": "a36506cc-b9aa-4114-8f03-aa0d3c719f42",
		"name": "hw 18 negative",
		"schema": "https://schema.getpostman.com/json/collection/v2.1.0/collection.json",
		"_exporter_id": "32907584"
	},
	"item": [
		{
			"name": "new user",
			"event": [
				{
					"listen": "test",
					"script": {
						"exec": [
							"pm.test(\"Status code is 200\", function () {",
							"    pm.response.to.have.status(200);",
							"});",
							"pm.test(\"Successful POST request\", function () {",
							"    pm.expect(pm.response.code).to.be.oneOf([200, 201, 202]);",
							"});"
						],
						"type": "text/javascript"
					}
				}
			],
			"request": {
				"method": "POST",
				"header": [],
				"body": {
					"mode": "raw",
					"raw": "{\n\"name\": \"Katerina\",\n\"age\": 101,\n\"gender\": \"{{gender}}\",\n\"city\": \"Kopa\"\n}",
					"options": {
						"raw": {
							"language": "json"
						}
					}
				},
				"url": {
					"raw": "{{staging}}/users",
					"host": [
						"{{staging}}"
					],
					"path": [
						"users"
					]
				}
			},
			"response": []
		},
		{
			"name": "New Request",
			"event": [
				{
					"listen": "test",
					"script": {
						"exec": [
							"pm.test(\"Status code name has string\", function () {",
							"    pm.response.to.have.status(\"OK\");",
							"pm.test(\"Response time is less than 200ms\", function () {",
							"    pm.expect(pm.response.responseTime).to.be.below(1200);",
							"});",
							"});"
						],
						"type": "text/javascript"
					}
				}
			],
			"protocolProfileBehavior": {
				"disableBodyPruning": true
			},
			"request": {
				"method": "GET",
				"header": [],
				"body": {
					"mode": "raw",
					"raw": "",
					"options": {
						"raw": {
							"language": "json"
						}
					}
				},
				"url": {
					"raw": "{{staging}}/users?id=251a67cc-3061-4896-b853-09e3b479ab20",
					"host": [
						"{{staging}}"
					],
					"path": [
						"users"
					],
					"query": [
						{
							"key": "id",
							"value": "251a67cc-3061-4896-b853-09e3b479ab20"
						}
					]
				}
			},
			"response": []
		},
		{
			"name": "New Request",
			"event": [
				{
					"listen": "test",
					"script": {
						"exec": [
							"pm.test(\"Response time is less than 200ms\", function () {",
							"    pm.expect(pm.response.responseTime).to.be.below(2200);",
							"pm.test(\"Status code is 200\", function () {",
							"    pm.response.to.have.status(500);",
							"});",
							"});"
						],
						"type": "text/javascript"
					}
				}
			],
			"request": {
				"method": "PATCH",
				"header": [],
				"body": {
					"mode": "raw",
					"raw": "{\n\"id\": \"251a67cc-3061-4896-b853-09e3b479ab22\",\n\"name\": \"Katerina\",\n\"age\": {{age}},\n\"gender\": \"malele\",\n\"city\": \"Odesa\"\n}",
					"options": {
						"raw": {
							"language": "json"
						}
					}
				},
				"url": {
					"raw": "{{staging}}/users",
					"host": [
						"{{staging}}"
					],
					"path": [
						"users"
					]
				}
			},
			"response": []
		},
		{
			"name": "New Request",
			"event": [
				{
					"listen": "test",
					"script": {
						"exec": [
							"pm.test(\"Response time is less than 200ms\", function () {",
							"    pm.expect(pm.response.responseTime).to.be.below(6200);",
							"});",
							"pm.test(\"Status code is 200\", function () {",
							"    pm.response.to.have.status(200);",
							"});"
						],
						"type": "text/javascript"
					}
				}
			],
			"request": {
				"method": "DELETE",
				"header": [],
				"body": {
					"mode": "raw",
					"raw": "",
					"options": {
						"raw": {
							"language": "json"
						}
					}
				},
				"url": {
					"raw": "{{staging}}/users?id=251a67cc-3061-4896-b853-09e3b479ab20",
					"host": [
						"{{staging}}"
					],
					"path": [
						"users"
					],
					"query": [
						{
							"key": "id",
							"value": "251a67cc-3061-4896-b853-09e3b479ab20"
						}
					]
				}
			},
			"response": []
		}
	],
	"event": [
		{
			"listen": "prerequest",
			"script": {
				"type": "text/javascript",
				"exec": [
					""
				]
			}
		},
		{
			"listen": "test",
			"script": {
				"type": "text/javascript",
				"exec": [
					""
				]
			}
		}
	],
	"variable": [
		{
			"key": "gender",
			"value": "male",
			"type": "string"
		}
	]
}