{
	"info": {
		"_postman_id": "b5c1e0f2-b3e0-4e34-aeed-e9fdedd91e7e",
		"name": "hw 18 Liliia Motuzna",
		"schema": "https://schema.getpostman.com/json/collection/v2.1.0/collection.json",
		"_exporter_id": "32907584"
	},
	"item": [
		{
			"name": "CreateUser",
			"event": [
				{
					"listen": "test",
					"script": {
						"exec": [
							"pm.test(\"Response time is less than 200ms\", function () {",
							"    pm.expect(pm.response.responseTime).to.be.below(1400);",
							"pm.test(\"Status code is 200\", function () {",
							"    pm.response.to.have.status(200);",
							"});",
							"});"
						],
						"type": "text/javascript"
					}
				}
			],
			"request": {
				"method": "POST",
				"header": [],
				"body": {
					"mode": "raw",
					"raw": "{\n\"name\": \"Sashko\",\n\"age\": {{UserAge}},\n\"gender\": \"male\",\n\"city\": \"Lviv\"\n}\n",
					"options": {
						"raw": {
							"language": "json"
						}
					}
				},
				"url": {
					"raw": "{{staging}}/users",
					"host": [
						"{{staging}}"
					],
					"path": [
						"users"
					]
				}
			},
			"response": []
		},
		{
			"name": "GetUser",
			"event": [
				{
					"listen": "test",
					"script": {
						"exec": [
							"pm.test(\"Status code is 200\", function () {",
							"    pm.response.to.have.status(200);",
							"});",
							"pm.test(\"Content-Type is present\", function () {",
							"    pm.response.to.have.header(\"Content-Type\");",
							"});"
						],
						"type": "text/javascript"
					}
				}
			],
			"protocolProfileBehavior": {
				"disableBodyPruning": true
			},
			"request": {
				"method": "GET",
				"header": [],
				"body": {
					"mode": "raw",
					"raw": "",
					"options": {
						"raw": {
							"language": "json"
						}
					}
				},
				"url": {
					"raw": "{{staging}}/users?id=c0059e15-d9db-48f5-a9a7-6b5057484ee3",
					"host": [
						"{{staging}}"
					],
					"path": [
						"users"
					],
					"query": [
						{
							"key": "id",
							"value": "c0059e15-d9db-48f5-a9a7-6b5057484ee3"
						}
					]
				}
			},
			"response": []
		},
		{
			"name": "EditUser",
			"event": [
				{
					"listen": "test",
					"script": {
						"exec": [
							"pm.test(\"Response time is less than 200ms\", function () {",
							"    pm.expect(pm.response.responseTime).to.be.below(200);",
							"});",
							"pm.test(\"Status code is 200\", function () {",
							"    pm.response.to.have.status(200);",
							"});"
						],
						"type": "text/javascript"
					}
				}
			],
			"request": {
				"method": "PATCH",
				"header": [],
				"body": {
					"mode": "raw",
					"raw": "{\n    \"id\": \"c0059e15-d9db-48f5-a9a7-6b5057484ee3\",\n    \"name\": \"Petrol\",\n    \"age\": {{UserAge}},\n    \"gender\": \"female\",\n    \"city\": \"Kyiv\"\n}",
					"options": {
						"raw": {
							"language": "json"
						}
					}
				},
				"url": {
					"raw": "{{staging}}/users",
					"host": [
						"{{staging}}"
					],
					"path": [
						"users"
					]
				}
			},
			"response": []
		},
		{
			"name": "DeleteUser",
			"event": [
				{
					"listen": "test",
					"script": {
						"exec": [
							"pm.test(\"Status code is 200\", function () {",
							"pm.test(\"Response time is less than 200ms\", function () {",
							"    pm.expect(pm.response.responseTime).to.be.below(700);",
							"});",
							"    pm.response.to.have.status(200);",
							"});"
						],
						"type": "text/javascript"
					}
				}
			],
			"request": {
				"method": "DELETE",
				"header": [],
				"body": {
					"mode": "raw",
					"raw": "",
					"options": {
						"raw": {
							"language": "json"
						}
					}
				},
				"url": {
					"raw": "https://em.staging.api.onereach.ai/http/1b3bebb7-e882-4f1e-a74b-ee381bfa69d6/users?id=c0059e15-d9db-48f5-a9a7-6b5057484ee3",
					"protocol": "https",
					"host": [
						"em",
						"staging",
						"api",
						"onereach",
						"ai"
					],
					"path": [
						"http",
						"1b3bebb7-e882-4f1e-a74b-ee381bfa69d6",
						"users"
					],
					"query": [
						{
							"key": "id",
							"value": "c0059e15-d9db-48f5-a9a7-6b5057484ee3"
						}
					]
				}
			},
			"response": []
		}
	],
	"event": [
		{
			"listen": "prerequest",
			"script": {
				"type": "text/javascript",
				"exec": [
					""
				]
			}
		},
		{
			"listen": "test",
			"script": {
				"type": "text/javascript",
				"exec": [
					""
				]
			}
		}
	],
	"variable": [
		{
			"key": "UserAge",
			"value": "19",
			"type": "string"
		},
		{
			"key": "staging",
			"value": "https://em.staging.api.onereach.ai/http/1b3bebb7-e882-4f1e-a74b-ee381bfa69d6"
		}
	]
}