{
	"info": {
		"_postman_id": "8383f75d-dcf2-4883-a144-9cf6d6b93ea8",
		"name": "hw 18 positive",
		"schema": "https://schema.getpostman.com/json/collection/v2.1.0/collection.json",
		"_exporter_id": "32907584"
	},
	"item": [
		{
			"name": "New User pos",
			"event": [
				{
					"listen": "test",
					"script": {
						"exec": [
							"pm.test(\"Response time is less than 200ms\", function () {",
							"    pm.expect(pm.response.responseTime).to.be.below(2000);",
							"});",
							"pm.test(\"Status code is 200\", function () {",
							"    pm.response.to.have.status(200);",
							"});"
						],
						"type": "text/javascript"
					}
				}
			],
			"request": {
				"method": "POST",
				"header": [],
				"body": {
					"mode": "raw",
					"raw": "{\n\"name\": \"Katerina\",\n\"age\": {{age}},\n\"gender\": \"female\",\n\"city\": \"Odesa\"\n}",
					"options": {
						"raw": {
							"language": "json"
						}
					}
				},
				"url": {
					"raw": "{{URL}}/users",
					"host": [
						"{{URL}}"
					],
					"path": [
						"users"
					]
				}
			},
			"response": []
		},
		{
			"name": "openUser",
			"event": [
				{
					"listen": "test",
					"script": {
						"exec": [
							"pm.test(\"Successful POST request\", function () {",
							"    pm.expect(pm.response.code).to.be.oneOf([200, 201, 202]);",
							"});",
							"pm.test(\"Status code is 200\", function () {",
							"    pm.response.to.have.status(200);",
							"});"
						],
						"type": "text/javascript"
					}
				}
			],
			"protocolProfileBehavior": {
				"disableBodyPruning": true
			},
			"request": {
				"method": "GET",
				"header": [],
				"body": {
					"mode": "raw",
					"raw": "",
					"options": {
						"raw": {
							"language": "json"
						}
					}
				},
				"url": {
					"raw": "{{URL}}/users?id=fd08a96f-e62c-431f-b578-cb538e0fd821",
					"host": [
						"{{URL}}"
					],
					"path": [
						"users"
					],
					"query": [
						{
							"key": "id",
							"value": "fd08a96f-e62c-431f-b578-cb538e0fd821"
						}
					]
				}
			},
			"response": []
		},
		{
			"name": "edit",
			"event": [
				{
					"listen": "test",
					"script": {
						"exec": [
							"pm.test(\"Content-Type is present\", function () {",
							"    pm.response.to.have.header(\"Content-Type\");",
							"});",
							"pm.test(\"Response time is less than 200ms\", function () {",
							"    pm.expect(pm.response.responseTime).to.be.below(1200);",
							"});"
						],
						"type": "text/javascript"
					}
				}
			],
			"request": {
				"method": "PATCH",
				"header": [],
				"body": {
					"mode": "raw",
					"raw": "{\n\"id\": \"fd08a96f-e62c-431f-b578-cb538e0fd821\",\n\"name\": \"Katerina\",\n\"age\": {{age}},\n\"gender\": \"male\",\n\"city\": \"Odesa\"\n}",
					"options": {
						"raw": {
							"language": "json"
						}
					}
				},
				"url": {
					"raw": "{{URL}}/users?id=fd08a96f-e62c-431f-b578-cb538e0fd821",
					"host": [
						"{{URL}}"
					],
					"path": [
						"users"
					],
					"query": [
						{
							"key": "id",
							"value": "fd08a96f-e62c-431f-b578-cb538e0fd821"
						}
					]
				}
			},
			"response": []
		},
		{
			"name": "New Request",
			"event": [
				{
					"listen": "test",
					"script": {
						"exec": [
							"pm.test(\"Response time is less than 200ms\", function () {",
							"    pm.expect(pm.response.responseTime).to.be.below(1200);",
							"});",
							"pm.test(\"Status code is 200\", function () {",
							"    pm.response.to.have.status(200);",
							"});"
						],
						"type": "text/javascript"
					}
				}
			],
			"request": {
				"method": "DELETE",
				"header": [],
				"body": {
					"mode": "raw",
					"raw": "",
					"options": {
						"raw": {
							"language": "json"
						}
					}
				},
				"url": {
					"raw": "{{URL}}/users?id=fd08a96f-e62c-431f-b578-cb538e0fd821",
					"host": [
						"{{URL}}"
					],
					"path": [
						"users"
					],
					"query": [
						{
							"key": "id",
							"value": "fd08a96f-e62c-431f-b578-cb538e0fd821"
						}
					]
				}
			},
			"response": []
		}
	],
	"event": [
		{
			"listen": "prerequest",
			"script": {
				"type": "text/javascript",
				"exec": [
					""
				]
			}
		},
		{
			"listen": "test",
			"script": {
				"type": "text/javascript",
				"exec": [
					""
				]
			}
		}
	],
	"variable": [
		{
			"key": "URL",
			"value": "https://em.staging.api.onereach.ai/http/1b3bebb7-e882-4f1e-a74b-ee381bfa69d6",
			"type": "string"
		},
		{
			"key": "age",
			"value": "33",
			"type": "string"
		}
	]
}